<?xml version="1.0" encoding="UTF-8"?>
<!DOCTYPE codetemplates PUBLIC "-//NetBeans//DTD Editor Code Templates settings 1.0//EN" "http://www.netbeans.org/dtds/EditorCodeTemplates-1_0.dtd">
<codetemplates>
    <codetemplate abbreviation="behavior" xml:space="preserve">
        <code><![CDATA[Drupal.behaviors.${cursor} = {
  attach: function(context, settings) {

  }
};]]></code>
    </codetemplate>
    <codetemplate abbreviation="closure" xml:space="preserve">
        <code><![CDATA[(function($, Drupal){
  // Use strict mode to reduce development errors.
  // @link http://www.nczonline.net/blog/2012/03/13/its-time-to-start-using-javascript-strict-mode/
  "use strict";

  ${cursor}
})(jQuery, Drupal);]]></code>
    </codetemplate>
    <codetemplate abbreviation="ready" xml:space="preserve">
        <code><![CDATA[jQuery(document).ready(function($){
  ${cursor}
});]]></code>
    </codetemplate>
    <codetemplate abbreviation="load" xml:space="preserve">
        <code><![CDATA[$(window).load(function(){
  ${cursor}
});]]></code>
    </codetemplate>
    <codetemplate abbreviation="clog" xml:space="preserve">
        <code><![CDATA[console.log(${cursor});]]></code>
    </codetemplate>
</codetemplates>
